thread_num,Baseline,Ours(Block=2)
1,1378.915777 ,6368.556441
2,2580.579170 ,8473.227528
4,4858.669317 ,15332.34454
8,9414.044633 ,16614.48185
16,18363.390148 ,19054.98418
32,40359.421262 ,37960.66747
64,34593.872537 ,48859.38359
128,17494.022149 ,49505.63158
256,9679.395548 ,49825.65726
512,4683.941734 ,50468.64576
