thread_num,Baseline,Ours(Block=2)
1,1338.468321 ,3090.080964
2,2335.668330 ,11018.86446
4,4121.620206 ,12387.52355
8,7662.080782 ,27414.20186
16,14887.572275 ,37658.63143
32,27367.133721 ,50140.32945
64,29185.721722 ,41251.69576
128,14544.805337 ,46414.1733
256,9035.322496 ,47753.49962
512,4563.883870 ,62677.74773
