Threadnum,AVG_data,AVG_data
1,2.022359973,0.185164613 
4,0.479389946,0.16025183
8,0.233678369,0.156007438
16,0.230997137,0.136587048
32,0.359233675,0.099923891 
