thread_num,Baseline,Ours(Block=2)
1,1288.600556,8401.281734
2,2457.162246,11242.20322
4,5368.422678,16304.88267
8,8275.533688,18714.87995
16,18925.24637,22569.70497
32,33571.45847,54128.89507
64,33749.53881,60088.00473
128,15346.17185,62415.89409
256,9288.405526,66573.97554
512,4608.062784,66076.48144