thread_num,Baseline,Ours(Block=1),Ours(Block=2),Ours(Block=4)
1,1127.96106,14169.69116,,
2,1812.304484,12581.10518,,
4,3679.604799,13407.6316,,
8,7374.823197,14180.6937,,
16,14854.70085,14046.56325,21634.09174,32970.99387
32,26201.00503,15452.09377,22128.10023,31122.69109
64,26670.07673,16789.24252,22397.53258,32221.1854
128,13100.50251,16688.56494,22794.09032,32845.02553
256,6448.979592,16988.25093,22742.6879,31165.38455
512,3140.018067,17690.73781,22924.37462,31737.62589
