batch_size,Baseline data time(min),Baseline train time(min),Ours data time(min),Ours train time(min)
16,31.89977044,42.50207023,10.40462287,38.34435055
32,23.67463697,20.55564996,9.321072472,21.03050501
64,21.31556531,13.03348876,3.021972316,13.47332209
128,19.69679349,9.512496761,1.918548519,9.659481118
256,19.26731176,7.590755775,1.947413526,7.764076805
512,18.29807149,6.945064187,2.052846866,6.781370981