batch_size,worker_num,batch_idx,batch_time,avg_batch,data_time,avg_data,train_time,avg_train
5,2,1,6.175940752029419,6.175940752029419,5.379033803939819,5.379033803939819,0.7969069480895996,0.7969069480895996
5,2,2,0.04376101493835449,3.1098508834838867,0.0007264614105224609,2.689880132675171,0.04303455352783203,0.4199707508087158
5,2,3,0.03011155128479004,2.083271106084188,0.0006701946258544922,1.7934768199920654,0.029441356658935547,0.2897942860921224
