thread_num,Baseline,Ours(Block=2)
1,8.092500 ,1.241239174
2,4.243920 ,0.927576187
4,1.942470 ,0.63956302
8,1.260100 ,0.557203681
16,0.551010 ,0.462035282
32,0.310621 ,0.192651263
64,0.308982 ,0.173545453
128,0.679518 ,0.167072829
256,1.122690 ,0.156637784
512,2.262990 ,0.15781712
