thread_num,Baseline,Ours(Block=2)
1,7.562463333,1.637419735
2,4.040953333,1.230699868
4,2.146266667,0.680130816
8,1.107706667,0.627645213
16,0.567869,0.547258392
32,0.258378333,0.274705391
64,0.301440667,0.213428808
128,0.596089333,0.210642702
256,1.07734 ,0.209289763
512,2.22633,0.206623337
