thread_num,Baseline,Ours(Block=2)
1,7.790995 ,3.374668859
2,4.464675 ,0.94637701
4,2.530073 ,0.841814747
8,1.360988 ,0.380386781
16,0.700450 ,0.276908629
32,0.381041 ,0.207976296
64,0.357298 ,0.252789608
128,0.716957 ,0.224672751
256,1.154137 ,0.21837143
512,2.284896 ,0.166374836