thread_num,Baseline,Ours(Block=2)
1,18.7648,0.567161626
2,9.3213,0.512956069
4,4.382,0.370390554
8,2.4149,0.35707466
16,2.0267,0.343423965
32,2.0974,0.295951105
64,2.0707,0.309079549
128,2.2288,0.317959535
256,3.103,0.29921424
512,6.4085,0.273125132
